name,party,img
Abbas Bozyel,MHP,Abbas Bozyel MHP.jpg
Abduldaki Erdoğmuş,ANAP,Abduldaki Erdoğmuş ANAP.jpg
Abdulhalûk Mehmet Çay,MHP,Abdulhalûk Mehmet Çay MHP.jpg
Abdullah Gül,Fazilet,Abdullah Gül Fazilet.jpg
Abdülkadir Aksu,ANAP,Abdülkadir Aksu ANAP.jpg
Ahat Andican,ANAP,Ahat Andican ANAP.jpg
Ahmet Erol Ersoy,MHP,Ahmet Erol Ersoy MHP.jpg
Ahmet Karavar,Fazilet,Ahmet Karavar Fazilet.jpg
Ahmet Sünnetçioğlu,Fazilet,Ahmet Sünnetçioğlu Fazilet.jpg
Ahmet Çakar,MHP,Ahmet Çakar MHP.jpg
Alaatin Sever Aydın,Fazilet,Alaatin Sever Aydın Fazilet.jpg
Ali Coşkun,ANAP,Ali Coşkun ANAP.jpg
Ali Günay,DSP,Ali Günay DSP.jpg
Ali Kemal Başaran,ANAP,Ali Kemal Başaran ANAP.jpg
Alirıza Septioğlu,True Path,Alirıza Septioğlu DYP.jpg
Armağan Yılmaz,MHP,Armağan Yılmaz MHP.jpg
Ataullah Hamidi,ANAP,Ataullah Hamidi ANAP.jpg
Avni Akyol,ANAP,Avni Akyol ANAP.jpg
Avni Doğan,Fazilet,Avni Doğan Fazilet.jpg
Aydın Ayaydın,ANAP,Aydın Ayaydın ANAP.jpg
Aydın Menderes,Fazilet,Aydın Menderes Fazilet.jpg
Devlet Bahçeli,MHP,bahceli.jpg
Bayram Fırat Dayanıklı,DSP,Bayram Fırat Dayanıklı DSP.jpg
Celal Adan,MHP,Celal Adan MHP.jpg
Cemal Enginyurt,MHP,Cemal Enginyurt MHP.jpg
Cemil Çiçek,ANAP,Cemil Çiçek ANAP.jpg
Tansu Çiller,True Path,ciller.jpg
Bülent Ecevit,DSP,ecevit.jpg
Ediz Hun,ANAP,Ediz Hun ANAP.jpg
Ekrem Pakdemirli,ANAP,Ekrem Pakdemirli ANAP.jpg
Erkan Mumcu,ANAP,Erkan Mumcu ANAP.jpg
Fahrettin Gülener,DSP,Fahrettin Gülener DSP.jpg
Fethullah Erbaş,Fazilet,Fethullah Erbaş Fazilet.jpg
Gaffar Yakın,DSP,Gaffar Yakın DSP.jpg
Hasan Fehmi Konyalı,DSP,Hasan Fehmi Konyalı DSP.jpg
Hüsamettin Özkan,DSP,Hüsamettin Özkan DSP.jpg
Hüseyin Tayfun İçli,DSP,Hüseyin Tayfun İçli DSP.jpg
Hüseyin Çelik,True Path,Hüseyin Çelik DYP.jpg
İsmail Cem,DSP,İsmail Cem DSP.jpg
İsmail Kahraman,Fazilet,İsmail Kahraman Fazilet.jpg
İstemihan Talay,DSP,İstemihan Talay DSP.jpg
Kadir Bozkurt,True Path,Kadir Bozkurt DYP.jpg
Kamer Genç,True Path,Kamer Genç True Path.jpg
Koray Aydın,MHP,Koray Aydın MHP.jpg
Recai Kutan,Fazilet,kutan.jpg
Levent Mıstıkoğlu,ANAP,Levent Mıstıkoğlu ANAP.jpg
Lütfi Doğan,Fazilet,Lütfi Doğan Fazilet.jpg
Mehmet Mail Büyükerman,DSP,Mehmet Mail Büyükerman DSP.jpg
Melda Bayer,DSP,Melda Bayer DSP.jpg
Meral Akşener,True Path,Meral Akşener True Path.jpg
Sadettin Tantan,ANAP,Sadettin Tantan ANAP.jpg
Oğuzhan Asiltürk,Fazilet,Oğuzhan Asiltürk Fazilet.jpg
Ahmet Mesut Yılmaz,ANAP,mesut yılmaz.jpg
Musa Öztürk,ANAP,Musa Öztürk ANAP.jpg
Mustafa Gül,MHP,Mustafa Gül MHP.jpg
Mustafa Kamalak,Fazilet,Mustafa Kamalak Fazilet.jpg
Mustafa Zorlu,MHP,Mustafa Zorlu MHP.jpg
Osman Müderrisoğlu,MHP,Osman Müderrisoğlu MHP.jpg
Sadi Somuncuoğlu,MHP,Sadi Somuncuoğlu MHP.jpg
Sebğatullah Seydaoğlu,ANAP,Sebğatullah Seydaoğlu ANAP.jpg
Sevgi Esen,True Path,Sevgi Esen true Path.jpg
Temel Karamollaoğlu,Fazilet,Temel Karamollaoğlu Fazilet.jpg
Yalçın Kaya,MHP,Yalçın Kaya MHP.jpg
Yaşar Okuyan,ANAP,Yaşar Okuyan ANAP.jpg
Yekta Açıkgöz,DSP,Yekta Açıkgöz DSP.jpg
Yıldırım Akbulut,ANAP,Yıldırım Akbulut ANAP.jpg
Zülfükar İzol,Fazilet,Zülfükar İzol Fazilet.jpg
Sebahat Vardar,DSP,Sebahat Vardar DSP.jpg
Teoman Rıza Güneri,Fazilet,Teoman Rıza Güneri Fazilet.jpg
Zeki Sezer,DSP,Zeki Sezer DSP.jpg
Bülent Arınç,Fazilet,Bülent Arınç Fazilet.jpg
Adnan Uçaş,MHP,Adnan Uçaş MHP.jpg
Agah Oktay Güner,ANAP,Agah Oktay Güner ANAP.jpg
Abdullatif Şener,Fazilet,Abdullatif Şener Fazilet.jpg
Abdurrahman Küçük,MHP,Abdurrahman Küçük MHP.jpg
Abdulsamet Turgut,DSP,Abdulsamet Turgut DSP.jpg
Ahmet Arkan,DSP,Ahmet Arkan DSP.jpg
Ahmet Aydın,MHP,Ahmet Aydın MHP.jpg
Abdullah Turan Bilge,DSP,Abdullah Turan Bilge DSP.jpg
Ahmet Güzel,DSP,Ahmet Güzel DSP.jpg
Ahmet Demircan,Fazilet,Ahmet Demircan Fazilet.jpg
Abdulkadir Akcan,MHP,Abdulkadir Akcan MHP.jpg
Ahmet Cemil Tunç,Fazilet,Ahmet Cemil Tunç Fazilet.jpg
Adnan Fatin Özdemir,MHP,Adnan Fatin Özdemir MHP.jpg
Ahmet İyimaya,True Path,Ahmet İyimaya True Path.jpg
Ahmet Kabil,ANAP,ahmetkabil.jpg
Ahmet Kenan Tanrıkulu,MHP,tanrıkulu.jpg
Ahmet Nurettin Aydın,Fazilet,ahmetnurettinaydın.jpg
Ahmet Sancar Sayın,DSP,sayın.jpg
Ahmet Tan,DSP,ahmettan.jpg
Ahmet Zamantılı,DSP,zamantılı.jpg
Ahmet Ziya Aktaş,DSP,ahmetziyaaktaş.jpg
Akif Gülle,Fazilet,gülle.jpg
Akif Serin,DSP,akifserin.jpg
Ali Ahmet Ertürk,DSP,aliahmetertürk.jpg
Ali Arabacı,DSP,arabacı.jpg
Ali Doğan,ANAP,alidoğan.jpg
Ali Emre Kocaoğlu,ANAP,kocaoğlu.jpg
Ali Er,ANAP,alier.jpg
Ali Gebeş,MHP,gebeş.jpg
Ali Gören,Fazilet,aligören.jpg
Ali Güner,Fazilet,aligüner.jpg
Ali Güngör,MHP,aligüngör.jpg
Ali Halaman,MHP,halaman.jpg
Ali Ilıksoy,DSP,ılıksoy.jpg
Ali Işıklar,MHP,ışıklar.jpg
Ali Keskin,MHP,alikeskin.jpg
Ali Naci Tuncer,True Path,alinacituncer.jpg
Ali Oğuz,Fazilet,alioğuz.jpg
Ali Özdemir,MHP,aliözdemir.jpg
Ali Rahmi Beyreli,DSP,beyreli.jpg
Ali Serdengeçti,MHP,serdengeçti.jpg
Ali Sezal,Fazilet,sezal.jpg
Ali Şevki Erek,True Path,alişevkierek.jpg
Ali Tekin,DSP,alitekin.jpg
Ali Uzunırmak,MHP,uzunırmak.jpg
Alirıza Gönül,True Path,alirızagönül.jpg
Arif Sezer,DSP,arifsezer.jpg
Arslan Aydar,MHP,arslanaydar.jpg
Aslan Polat,Fazilet,aslanpolat.jpg
Atilla Mutman,DSP,mutman.jpg
Aydın Gökmen,MHP,aydıngökmen.jpg
Aydın Tümen,DSP,aydıntümen.jpg
Ayfer Yılmaz,True Path,ayferyılmaz.jpg
Ayhan Çevik,MHP,ayhançevik.jpg
Ayşe Gürocak,DSP,gürocak.jpg
Ayşe Nazlı Ilıcak,Fazilet,ılıcak.jpg
Ayvaz Gökdemir,True Path,ayvazgökdemir.jpg
Azmi Ateş,Fazilet,azmiateş.jpg
Bahri Sipahi,DSP,sipahi.jpg
Bahri Zengin,Fazilet,bahrizengin.jpg
Basri Coşkun,MHP,basricoşkun.jpg
Bedri Yaşar,MHP,bedriyaşar.jpg
Bekir Aksoy,True Path,bekiraksoy.jpg
Bekir Gündoğan,DSP,bekirgündoğan.jpg
Bekir Ongun,MHP,bekirongun.jpg
Bekir Sobacı,Fazilet,sobacı.jpg
Beyhan Aslan,ANAP,aslan.jpg
Birkan Erdal,ANAP,erdal.jpg
Birol Büyüköztürk,MHP,büyüköztürk.jpg
Bozkurt Yaşar Öztürk,MHP,öztürk.jpg
Burhan Bıçakçıoğlu,DSP,bıçakçıoğlu.jpg
Burhan İsen,True Path,isen.jpg
Burhan Kara,ANAP,burhankara.jpg
Burhan Orhan,MHP,burhanorhan.jpg
Burhan Suat Çağlayan,DSP,çağlayan.jpg
Bülent Akarcalı,ANAP,akarcalı.jpg
Bülent Ersin Gök,DSP,gök.jpg
Cafer Tufan Yazıcıoğlu,DSP,yazıcıoğlu.jpg
Cahit Savaş Yazıcı,DSP,yazıcı.jpg
Cahit Tekelioğlu,MHP,tekelioğlu.jpg
Celal Esin,Fazilet,celalesin.jpg
Cemal Özbilen,ANAP,özbilen.jpg
Cengiz Altınkaya,ANAP,altınkaya.jpg
Cengiz Aydoğan,ANAP,aydoğan.jpg
Cevat Ayhan,Fazilet,cevatayhan.jpg
Cevdet Akçalı,True Path,akçalı.jpg
Cezmi Polat,MHP,cezmipolat.jpg
Cumali Durmuş,MHP,durmuş.jpg
Çetin Bilgir,DSP,bilgir.jpg
Dengir Mir Mehmet Fırat,Fazilet,fırat.jpg
Doğan Baran,True Path,baran.jpg
Doğan Güreş,True Path,doğangüreş.jpg
Edip Özbaş,MHP,özbaş.jpg
Edip Özgenç,DSP,özgenç.jpg
Edip Safder Gaydalı,ANAP,gaydalı.jpg
Emin Karaa,DSP,karaa.jpg
Enis Öksüz,MHP,öksüz.jpg
Enis Sülün,ANAP,sülün.jpg
Erdoğan Sezgin,True Path,sezgin.jpg
Erdoğan Toprak,DSP,toprak.jpg
Ergün Bayrak,DSP,bayrak.jpg
Erkan Kemaloğlu,ANAP,kemaloğlu.jpg
Erol Al,DSP,erolal.jpg
Erol Karan,DSP,erolkaran.jpg
Ersin Taranoğlu,ANAP,taranoğlu.jpg
Ersoy Özcan,MHP,özcan.jpg
Ertuğrul Kumcuoğlu,DSP,kumcuoğlu.jpg
Ertuğrul Yalçınbayır,ANAP,yalçınbayır.jpg
Esat Öz,MHP,esatöz.jpg
Esvet Özdoğu,DSP,özdoğu.jpg
Evliya Parlak,Fazilet,parlak.jpg
Evren Bulut,ANAP,bulut.jpg
Eyüp Aşık,ANAP,aşık.jpg
Eyüp Cenap Gülpınar,ANAP,gülpınar.jpg
Eyüp Doğanlar,DSP,doğanlar.jpg
Eyüp Fatsa,Fazilet,fatsa.jpg
Eyyüp Sanay,Fazilet,sanay.jpg
Fadlı Ağaoğlu,DSP,ağaoğlu.jpg
Fahrettin Kukaracı,Fazilet,kukaracı.jpg
Faris Özdemir,True Path,farisözdemir.jpg
Faruk Bal,MHP,farukbal.jpg
Faruk Çelik,Fazilet,farukçelik.jpg
Faruk Demir,DSP,farukdemir.jpg
Fehim Adak,Fazilet,adak.jpg
Fetullah Gültepe,True Path,gültepe.jpg
Fevzi Aytekin,DSP,fevziaytekin.jpg
Fikret Tecer,DSP,tecer.jpg
Fikret Uzunhasan,DSP,uzunhasan.jpg
Fikret Ünlü,DSP,fikretünlü.jpg
Gönül Saray Alphan,DSP,alphan.jpg
Güler Aslan,DSP,güleraslan.jpg
Güneş Taner,ANAP,güneştaner.jpg
Hacı Filiz,True Path,filiz.jpg
Hakan Tartan,DSP,hakantartan.jpg
Hakkı Duran,MHP,hakkıduran.jpg
Hakkı Oğuz Aykut,ANAP,aykut.jpg
Hakki Töre,True Path,töre.jpg
Halil Çalık,DSP,halilçalık.jpg
Halil İbrahim Özsoy,ANAP,özsoy.jpg
Halis Uluç Gürkan,DSP,gürkan.jpg
Halit Dikmen,DSP,dikmen.jpg
Hamdi Baktır,MHP,baktır.jpg
Hasan Akgün,DSP,hasanakgün.jpg
Hasan Basri Üstünbaş,MHP,üstünbaş.jpg
Hasan Çalış,MHP,hasançalış.jpg
Hasan Ekinci,True Path,ekinci.jpg
Hasan Erçelebi,DSP,erçelebi.jpg
Hasan Gemici,DSP,gemici.jpg
Hasan Gülay,DSP,hasangülay.jpg
Hasan Hüseyin Balak,MHP,balak.jpg
Hasan Kaya,MHP,hasankaya.jpg
Hasan Macit,DSP,hasanmacit.jpg
Hasan Metin,DSP,hasanmetin.jpg
Hasan Özgöbek,DSP,özgöbek.jpg
Hasan Özyer,ANAP,özyer.jpg
Hasan Suna,DSP,hasansuna.jpg
Hasan Ufuk Söylemez,True Path,söylemez.jpg
Hasari Güler,MHP,hasarigüler.jpg
Hayati Korkmaz,DSP,hayatikorkmaz.jpg
Hayrettin Özdemir,MHP,hayrettinözdemir.jpg
Hayri Diri,DSP,hayridiri.jpg
Hayri Kozakçıoğlu,True Path,kozakçıoğlu.jpg
Hidayet Kılınç,MHP,kılınç.jpg
Hikmet Sami Türk,DSP,hikmetsamitürk.jpg
Hikmet Uluğbay,DSP,uluğbay.jpg
Hüsamettin Korkuata,Fazilet,korkutata.jpg
Hüseyin Akgül,MHP,hüseyinakgül.jpg
Hüseyin Arabacı,MHP,hüseyinarabacı.jpg
Hüseyin Arı,Fazilet,hüseyinarı.jpg
Hüseyin Kalkan,MHP,hüseyinkalkan.jpg
Hüseyin Kansu,Fazilet,hüseyinkansu.jpg
Hüseyin Karagöz,Fazilet,hüseyinkaragöz.jpg
Hüseyin Mert,DSP,hüseyinmert.jpg
Hüsnü Yusuf Gökalp,MHP,gökalp.jpg
Işılay Saygın,ANAP,ışılaysaygın.jpg
Işın Çelebi,ANAP,ışınçelebi.jpg
İbrahim Gürdal,True Path,gürdal.jpg
İbrahim Halil Oral,MHP,oral.jpg
İbrahim Konukoğlu,True Path,konukoğlu.jpg
İbrahim Nami Çağan,DSP,çağan.jpg
İbrahim Yaşar Dedelek,ANAP,dedelek.jpg
İbrahim Yavuz Bildik,DSP,bildik.jpg
İbrahim Yazıcı,True Path,ibrahimyazıcı.jpg
İhsan Çabuk,DSP,ihsançabuk.jpg
İlhami Yılmaz,MHP,ilhamiyılmaz.jpg
İlhan Aküzüm,ANAP,aküzüm.jpg
İlhan Aytekin,True Path,ilhanaytekin.jpg
İlyas Arslan,Fazilet,ilyasarslan.jpg
İlyas Yılmazyıldız,True Path,yılmazyıldız.jpg
İrfan Gündüz,Fazilet,irfangündüz.jpg
İrfan Keleş,MHP,irfankeleş.jpg
İsmail Alptekin,Fazilet,ismailalptekin.jpg
İsmail Aydınlı,DSP,aydınlı.jpg
İsmail Bozdağ,DSP,ismailbozdağ.jpg
İsmail Çevik,MHP,ismailçevik.jpg
İsmail Hakkı Cerrahoğlu,MHP,cerrahoğlu.jpg
İsmail Karakuyu,True Path,karakuyu.jpg
İsmail Köse,True Path,ismailköse.jpg
İsmail Özgün,Fazilet,ismailözgün.jpg
İsmail Sühan Özkan,ANAP,ismailsühanözkan.jpg
İsmet Attila,MHP,ismetattila.jpg
İsmet Vursavuş,DSP,vursavuş.jpg
Kadir Görmez,MHP,kadirgörmez.jpg
Kamran İnan,ANAP,kamraninan.jpg
Kemal Albayrak,Fazilet,albayrak.jpg
Kemal Çelik,True Path,kemalçelik.jpg
Kemal Kabataş,True Path,kabataş.jpg
Kemal Köse,MHP,köse.jpg
Kemal Vatan,DSP,kemalvatan.jpg
Kenan Sönmez,ANAP,sönmez.jpg
Kürşat Eser,MHP,kürşateser.jpg
Latif Öztek,Fazilet,öztek.jpg
Lutfi Ceylan,MHP,lutficeylan.jpg
Lütfi Yalman,Fazilet,lütfiyalman.jpg
Lütfullah Kayalar,ANAP,kayalar.jpg
Lütfü Esengün,Fazilet,esengün.jpg
Macit Piruzbeyoğlu,ANAP,piruzbeyoğlu.jpg
Maliki Ejder Arvas,Fazilet,arvas.jpg
Mehmet Ali Şahin,Fazilet,mehmetalişahin.jpg
Mehmet Karapaşaoğlu,Fazilet,karapaşaoğlu.jpg
Mehmet Ay,MHP,mehmetay.jpg
Mehmet Batuk,Fazilet,batuk.jpg
Bedri İncetahtacı,Fazilet,incetahtacı.jpg
Mehmet Cengiz Güleç,DSP,güleç.jpg
Mehmet Ceylan,MHP,mehmetceylan.jpg
Mehmet Çiçek,Fazilet,mehmetçiçek.jpg
Mehmet Çümen,DSP,çümen.jpg
Mehmet Elkatmış,Fazilet,elkatmış.jpg
Mehmet Ergün Dağcıoğlu,Fazilet,dağcıoğlu.jpg
Mehmet Fevzi Şıhanlıoğlu,True Path,şıhanlıoğlu.jpg
Mehmet Fuat Fırat,Fazilet,mehmetfuatfırat.jpg
Mehmet Gözlükaya,True Path,gözlükaya.jpg
Mehmet Kaya,MHP,mehmetkaya.jpg
Mehmet Keçeciler,ANAP,keçeciler.jpg
Mehmet Ağar,True Path,mehmetağar.jpg
Mehmet Kocabatmaz,DSP,kocabatmaz.jpg
Mehmet Kundakcı,MHP,kundakcı.jpg
Mehmet Necati Çetinkaya,True Path,çetinkaya.jpg
Mehmet Nuri Tarhan,MHP,tarhan.jpg
Mehmet Salih Yıldırım,ANAP,yıldırım.jpg
Mehmet Ensarioğlu,True Path,ensarioğlu.jpg
Mehmet Yaşar Ünal,DSP,mehmetyaşarünal.jpg
Metin Bostancıoğlu,DSP,bostancıoğlu.jpg
Metin Ergun,MHP,metinergun.jpg
Metin Musaoğlu,True Path,musaoğlu.jpg
Miraç Akdoğan,ANAP,miraçakdoğan.jpg
Muhammet Turhan İmamoğlu,DSP,imamoğlu.jpg
Muharrem Hadi Dilekci,DSP,dilekci.jpg
Mukadder Başeğmez,Fazilet,başeğmez.jpg
Musa Uzunkaya,Fazilet,uzunkaya.jpg
Mustafa Baş,Fazilet,mustafabaş.jpg
Mustafa Düz,DSP,mustafadüz.jpg
Mustafa Haykır,MHP,haykır.jpg
Mustafa İlimen,DSP,ilimen.jpg
Mustafa Kemal Aykurt,True Path,mustafakemalaykurt.jpg
Mustafa Yanmaz,Fazilet,yanmaz.jpg
Mustafa Yılmaz,DSP,mustafayılmaz.jpg
Mükremin Taşkın,MHP,taşkın.jpg
Mümtaz Yavuz,True Path,mümtazyavuz.jpg
Nazif Topaloğlu,DSP,topaloğlu.jpg
Nazire Karakuş,DSP,karakuş.jpg
Necati Yöndar,True Path,yöndar.jpg
Necdet Saruhan,DSP,saruhan.jpg
Nesrin Nas,ANAP,nesrinnas.jpg
Nevfel Şahin,True Path,nevfelşahin.jpg
Nevzat Ercan,True Path,nevzatercan.jpg
Nihan İlgün,True Path,ilgün.jpg
Nizamettin Sevgili,ANAP,sevgili.jpg
Nurettin Aktaş,Fazilet,nurettinaktaş.jpg
Nurettin Atik,True Path,nurettinatik.jpg
Nurettin Dilek,ANAP,nurettindilek.jpg
Oğuz Aygün,DSP,oğuzaygün.jpg
Osman Aslan,Fazilet,osmanaslan.jpg
Osman Fevzi Zihnioğlu,MHP,zihnioğlu.jpg
Osman Gazi Aksoy,MHP,osmangaziaksoy.jpg
Osman Yumakoğulları,Fazilet,yumakoğulları.jpg
Ömer Barutçu,True Path,barutçu.jpg
Ömer Ertaş,ANAP,ömerertaş.jpg
Perihan Yılmaz,DSP,perihanyılmaz.jpg
Rahmi Sezgin,DSP,rahmisezgin.jpg
Ramazan Mirzaoğlu,MHP,mirzaoğlu.jpg
Rasim Zaimoğlu,True Path,zaimoğlu.jpg
Remzi Çetin,Fazilet,remziçetin.jpg
Reşat Doğru,MHP,reşatdoğru.jpg
Rifat Serdaroğlu,ANAP,serdaroğlu.jpg
Sacit Günbey,Fazilet,günbey.jpg
Sadık Yakut,MHP,sadıkyakut.jpg
Saffet Başaran,DSP,saffetbaşaran.jpg
Saffet Kaya,True Path,saffetkaya.jpg
Salih Kapusuz,Fazilet,kapusuz.jpg
Salih Sümer,True Path,salihsümer.jpg
Sebahattin Karakelle,True Path,karakelle.jpg
Sema Tutar Pişkinsüt,DSP,pişkinsüt.jpg
Sıtkı Turan,MHP,sıtkıturan.jpg
Süleyman Arif Emre,Fazilet,süleymanarifemre.jpg
Süleyman Turan Çirkin,MHP,çirkin.jpg
Şaban Kardeş,MHP,şabankardeş.jpg
Şaban Ramis Savaş,DSP,savaş.jpg
Şadan Şimşek,DSP,şadanşimşek.jpg
Şadan Tuzcu,ANAP,tuzcu.jpg
Şamil Ayrım,ANAP,ayrım.jpg
Şükrü Sina Gürel,DSP,gürel.jpg
Tuncay Toskay,ANAP,toskay.jpg
Turhan Alçelik,Fazilet,alçelik.jpg
Turhan Güven,True Path,turhangüven.jpg
Vahit Kayrıcı,MHP,kayrıcı.jpg
Veysel Atasoy,ANAP,atasoy.jpg
Veysel Candan,Fazilet,candan.jpg
Yahya Çevik,True Path,yahyaçevik.jpg
Yasin Hatiboğlu,Fazilet,hatiboğlu.jpg
Yaşar Canbay,Fazilet,canbay.jpg
Yaşar Okuyan,ANAP,okuyan.jpg
Yücel Erdener,DSP,erdener.jpg
Yücel Seçkiner,ANAP,seçkiner.jpg
Zeki Çakan,ANAP,çakan.jpg
Zeki Eker,DSP,zekieker.jpg
Zeki Ergezen,Fazilet,ergezen.jpg
Zeki Ünal,Fazilet,zekiünal.jpg
Zeki Ertugay,True Path,ertugay.jpg